Workbook

Sheet Risk Matrix
A1: Disease Project - Risk Assessment Matrix
A2: Risk = Likelihood x Impact | Scale 1-3 | 1-2 Low, 3-5 Medium, 6-9 High. Blue cells (Likelihood, Impact) are the inputs you can edit; Score, Level and Risk statement update automatically.
A4: ID | B4: Risk | C4: Work package | D4: Related tasks | E4: Owner | F4: Likelihood (1-3) | G4: Impact (1-3) | H4: Score | I4: Level | J4: Why we have realized it | K4: Contingency plan | L4: Risk statement (auto)
A5: R1 | B5: the disease is not fully understood from only 3 papers | C5: WP2 - Disease | D5: T2.1 | E5: All | F5: 1 | G5: 3 | H5: =F5*G5 -> 3 | I5: =IF(H5<=2,"Low",IF(H5<=5,"Medium","High")) -> Medium | J5: the whole project depends on understanding the disease and we are limited to a maximum of 3 papers | K5: every member reads the papers, we cross-check key facts in UniProt/OMIM, and we ask the instructors if the causal chain is unclear | L5: ="Our identified risk is "&B5&", we have realized because "&J5&"; our contingency plan consists of "&K5&"." -> Our identified risk is the disease is not fully understood from only 3 papers, we have realized because the whole project depends on understanding the disease and we are limited to a maximum of 3 papers; our contingency plan consists of every member reads the papers, we cross-check key facts in UniProt/OMIM, and we ask the instructors if the causal chain is unclear.
A6: R2 | B6: the WT and mutant CDS files are not valid or their translation does not match the protein FASTA | C6: WP3 - Gene | D6: T3.1 | E6: Juan David | F6: 2 | G6: 3 | H6: =F6*G6 -> 6 | I6: =IF(H6<=2,"Low",IF(H6<=5,"Medium","High")) -> High | J6: every later analysis (gene, protein, structure, species) starts from these sequences | K6: we re-download the sequences from the original database, check ATG, stop codon and reading frame, and ask the instructors before continuing | L6: ="Our identified risk is "&B6&", we have realized because "&J6&"; our contingency plan consists of "&K6&"." -> Our identified risk is the WT and mutant CDS files are not valid or their translation does not match the protein FASTA, we have realized because every later analysis (gene, protein, structure, species) starts from these sequences; our contingency plan consists of we re-download the sequences from the original database, check ATG, stop codon and reading frame, and ask the instructors before continuing.
A7: R3 | B7: the mutation is hard to locate in the CDS alignment (several differences, indels or ambiguous position) | C7: WP3 - Gene | D7: T3.2 | E7: Juan David | F7: 2 | G7: 2 | H7: =F7*G7 -> 4 | I7: =IF(H7<=2,"Low",IF(H7<=5,"Medium","High")) -> Medium | J7: the WT and mutant sequences may differ in more than one position or use different numbering | K7: we use a second alignment tool, check the codon change manually, and compare the result with the protein alignment of WP4 | L7: ="Our identified risk is "&B7&", we have realized because "&J7&"; our contingency plan consists of "&K7&"." -> Our identified risk is the mutation is hard to locate in the CDS alignment (several differences, indels or ambiguous position), we have realized because the WT and mutant sequences may differ in more than one position or use different numbering; our contingency plan consists of we use a second alignment tool, check the codon change manually, and compare the result with the protein alignment of WP4.
A8: R4 | B8: the mutation barely changes the physicochemical properties, so the effect is hard to explain | C8: WP4 - Protein | D8: T4.2 | E8: Junwei Lin | F8: 2 | G8: 2 | H8: =F8*G8 -> 4 | I8: =IF(H8<=2,"Low",IF(H8<=5,"Medium","High")) -> Medium | J8: a single amino-acid change often gives very small differences in MW, pI, GRAVY or instability index | K8: we complement the table with the position of the change in the domains, a substitution matrix (e.g. BLOSUM62), conservation and the structural results | L8: ="Our identified risk is "&B8&", we have realized because "&J8&"; our contingency plan consists of "&K8&"." -> Our identified risk is the mutation barely changes the physicochemical properties, so the effect is hard to explain, we have realized because a single amino-acid change often gives very small differences in MW, pI, GRAVY or instability index; our contingency plan consists of we complement the table with the position of the change in the domains, a substitution matrix (e.g. BLOSUM62), conservation and the structural results.
A9: R5 | B9: no suitable PDB structure exists for the WT or the mutant protein | C9: WP5 - Structure | D9: T5.1 | E9: Marina | F9: 3 | G9: 2 | H9: =F9*G9 -> 6 | I9: =IF(H9<=2,"Low",IF(H9<=5,"Medium","High")) -> High | J9: experimental structures that contain exactly this mutation are often not available | K9: we use the closest WT structure and build the mutant by in silico mutagenesis or homology modelling (e.g. SWISS-MODEL, AlphaFold) | L9: ="Our identified risk is "&B9&", we have realized because "&J9&"; our contingency plan consists of "&K9&"." -> Our identified risk is no suitable PDB structure exists for the WT or the mutant protein, we have realized because experimental structures that contain exactly this mutation are often not available; our contingency plan consists of we use the closest WT structure and build the mutant by in silico mutagenesis or homology modelling (e.g. SWISS-MODEL, AlphaFold).
A10: R6 | B10: the modelled mutant structure has low quality and cannot be trusted | C10: WP5 - Structure | D10: T5.2 | E10: Marina | F10: 2 | G10: 3 | H10: =F10*G10 -> 6 | I10: =IF(H10<=2,"Low",IF(H10<=5,"Medium","High")) -> High | J10: obtaining the mutant structure is the most technical step of the structure analysis | K10: we run a basic quality check (e.g. pLDDT, Ramachandran), try a second modelling method, and describe the limits of the model in the report | L10: ="Our identified risk is "&B10&", we have realized because "&J10&"; our contingency plan consists of "&K10&"." -> Our identified risk is the modelled mutant structure has low quality and cannot be trusted, we have realized because obtaining the mutant structure is the most technical step of the structure analysis; our contingency plan consists of we run a basic quality check (e.g. pLDDT, Ramachandran), try a second modelling method, and describe the limits of the model in the report.
A11: R7 | B11: the superposition shows very small or unclear differences around the mutation | C11: WP5 - Structure | D11: T5.3 | E11: Marina | F11: 2 | G11: 2 | H11: =F11*G11 -> 4 | I11: =IF(H11<=2,"Low",IF(H11<=5,"Medium","High")) -> Medium | J11: a single substitution usually produces local changes that are small compared with the whole protein | K11: we measure distances, contacts and hydrogen bonds around the mutation (not only the global RMSD) and describe also the absence of large changes | L11: ="Our identified risk is "&B11&", we have realized because "&J11&"; our contingency plan consists of "&K11&"." -> Our identified risk is the superposition shows very small or unclear differences around the mutation, we have realized because a single substitution usually produces local changes that are small compared with the whole protein; our contingency plan consists of we measure distances, contacts and hydrogen bonds around the mutation (not only the global RMSD) and describe also the absence of large changes.
A12: R8 | B12: orthologs cannot be validated for the third species | C12: WP6 - Species | D12: T6.1 | E12: Abril | F12: 2 | G12: 2 | H12: =F12*G12 -> 4 | I12: =IF(H12<=2,"Low",IF(H12<=5,"Medium","High")) -> Medium | J12: the third species is not selected yet and orthology must be confirmed in human, C. l. familiaris and the new species | K12: we prepare 2-3 alternative candidate species in advance and switch to the next one if the orthology cannot be confirmed | L12: ="Our identified risk is "&B12&", we have realized because "&J12&"; our contingency plan consists of "&K12&"." -> Our identified risk is orthologs cannot be validated for the third species, we have realized because the third species is not selected yet and orthology must be confirmed in human, C. l. familiaris and the new species; our contingency plan consists of we prepare 2-3 alternative candidate species in advance and switch to the next one if the orthology cannot be confirmed.
A13: R9 | B13: the mutated position is not conserved or the alignment is poor around it | C13: WP6 - Species | D13: T6.2, T6.3 | E13: Abril | F13: 2 | G13: 2 | H13: =F13*G13 -> 4 | I13: =IF(H13<=2,"Low",IF(H13<=5,"Medium","High")) -> Medium | J13: the three species may be distant and the region of the mutation may be variable | K13: we test a second multiple alignment tool (e.g. MUSCLE, Clustal Omega), check nearby residues, and explain what it means for the interpretation | L13: ="Our identified risk is "&B13&", we have realized because "&J13&"; our contingency plan consists of "&K13&"." -> Our identified risk is the mutated position is not conserved or the alignment is poor around it, we have realized because the three species may be distant and the region of the mutation may be variable; our contingency plan consists of we test a second multiple alignment tool (e.g. MUSCLE, Clustal Omega), check nearby residues, and explain what it means for the interpretation.
A14: R10 | B14: the numbering and mutation name are inconsistent between CDS, protein, UniProt and PDB | C14: WP7 - Integration | D14: T4.1, T5.3, T7.1 | E14: All | F14: 3 | G14: 3 | H14: =F14*G14 -> 9 | I14: =IF(H14<=2,"Low",IF(H14<=5,"Medium","High")) -> High | J14: each database and file can use a different numbering (signal peptides, isoforms, tags), so the same mutation may appear at different positions | K14: we define one reference sequence and numbering from the start, record every offset in the consistency checklist, and fix contradictions before writing the report | L14: ="Our identified risk is "&B14&", we have realized because "&J14&"; our contingency plan consists of "&K14&"." -> Our identified risk is the numbering and mutation name are inconsistent between CDS, protein, UniProt and PDB, we have realized because each database and file can use a different numbering (signal peptides, isoforms, tags), so the same mutation may appear at different positions; our contingency plan consists of we define one reference sequence and numbering from the start, record every offset in the consistency checklist, and fix contradictions before writing the report.
A15: R11 | B15: the results of the different levels do not agree and the causal chain is not supported | C15: WP7 - Integration | D15: T7.2 | E15: Abril | F15: 2 | G15: 3 | H15: =F15*G15 -> 6 | I15: =IF(H15<=2,"Low",IF(H15<=5,"Medium","High")) -> High | J15: gene, protein, structure and species results are produced by different members and joined only at the end | K15: we compare the results at milestones M3 and M4, explain the differences honestly in the discussion, and answer the two research questions only with supported evidence | L15: ="Our identified risk is "&B15&", we have realized because "&J15&"; our contingency plan consists of "&K15&"." -> Our identified risk is the results of the different levels do not agree and the causal chain is not supported, we have realized because gene, protein, structure and species results are produced by different members and joined only at the end; our contingency plan consists of we compare the results at milestones M3 and M4, explain the differences honestly in the discussion, and answer the two research questions only with supported evidence.
A16: R12 | B16: the report is not finished or consistent in the last four days | C16: WP8 - Report | D16: T8.1, T8.2 | E16: All | F16: 2 | G16: 2 | H16: =F16*G16 -> 4 | I16: =IF(H16<=2,"Low",IF(H16<=5,"Medium","High")) -> Medium | J16: the results sections, figures and references have to be written and unified between 16 and 19 October | K16: each owner starts writing their section during their analysis, we agree figure style and reference format in advance, and we keep one day for the final edit | L16: ="Our identified risk is "&B16&", we have realized because "&J16&"; our contingency plan consists of "&K16&"." -> Our identified risk is the report is not finished or consistent in the last four days, we have realized because the results sections, figures and references have to be written and unified between 16 and 19 October; our contingency plan consists of each owner starts writing their section during their analysis, we agree figure style and reference format in advance, and we keep one day for the final edit.
B18: Summary
B19: High risks | C19: =COUNTIF($I$5:$I$16,"High") -> 5
B20: Medium risks | C20: =COUNTIF($I$5:$I$16,"Medium") -> 7
B21: Low risks | C21: =COUNTIF($I$5:$I$16,"Low") -> 0
B22: Total risks | C22: =COUNTA($A$5:$A$16) -> 12

Sheet Heat Map
A1: Risk Heat Map (number of risks per cell)
A2: Counts are calculated from the 'Risk Matrix' sheet.
A4: IMPACT -> | B4: 1 - Minor | C4: 2 - Moderate | D4: 3 - Severe
A5: LIKELIHOOD: 3 - Very likely | B5: =COUNTIFS('Risk Matrix'!$F$5:$F$16,3,'Risk Matrix'!$G$5:$G$16,1) -> 0 | C5: =COUNTIFS('Risk Matrix'!$F$5:$F$16,3,'Risk Matrix'!$G$5:$G$16,2) -> 1 | D5: =COUNTIFS('Risk Matrix'!$F$5:$F$16,3,'Risk Matrix'!$G$5:$G$16,3) -> 1
A6: LIKELIHOOD: 2 - Possible | B6: =COUNTIFS('Risk Matrix'!$F$5:$F$16,2,'Risk Matrix'!$G$5:$G$16,1) -> 0 | C6: =COUNTIFS('Risk Matrix'!$F$5:$F$16,2,'Risk Matrix'!$G$5:$G$16,2) -> 6 | D6: =COUNTIFS('Risk Matrix'!$F$5:$F$16,2,'Risk Matrix'!$G$5:$G$16,3) -> 3
A7: LIKELIHOOD: 1 - Unlikely | B7: =COUNTIFS('Risk Matrix'!$F$5:$F$16,1,'Risk Matrix'!$G$5:$G$16,1) -> 0 | C7: =COUNTIFS('Risk Matrix'!$F$5:$F$16,1,'Risk Matrix'!$G$5:$G$16,2) -> 0 | D7: =COUNTIFS('Risk Matrix'!$F$5:$F$16,1,'Risk Matrix'!$G$5:$G$16,3) -> 1
A9: Legend: green = Low (1-2), yellow = Medium (3-5), red = High (6-9). Score = Likelihood x Impact.

Sheet Scales
A1: Scoring scales
A3: Value | B3: Likelihood | C3: Impact
A4: 1 | B4: Unlikely | C4: Minor: small delay, easy to fix
A5: 2 | B5: Possible | C5: Moderate: affects one task or deliverable
A6: 3 | B6: Very likely | C6: Severe: affects several work packages or the final grade
A8: Level | B8: Score range
A9: Low | B9: 1-2
A10: Medium | B10: 3-5
A11: High | B11: 6-9
